time,i082_ergs_per_cm2_per_s,i082_W_per_m2,i082_ph_flux,f107
1978-01-01,0.025,2.5e-05,176194079863.99484,126.9
1978-01-02,0.022,2.2e-05,155050790280.31546,133.9
1978-01-03,0.029,2.9e-05,204385132642.234,130.2
1978-01-04,0.030000000000000002,3e-05,211432895836.7938,124.8
1978-01-05,0.02,2e-05,140955263891.19586,119.2
1978-01-06,0.020999999999999998,2.1e-05,148003027085.75565,118.7
1978-01-07,0.024,2.4e-05,169146316669.43503,111.6
1978-01-08,0.030000000000000002,3e-05,211432895836.7938,102.8
1978-01-09,0.011,1.1e-05,77525395140.15773,97.0
1978-01-10,0.0098,9.8e-06,69068079306.68597,93.5
1978-01-11,0.0088,8.8e-06,62020316112.12618,93.1
1978-01-12,0.0074,7.4e-06,52153447639.74247,92.1
1978-01-13,0.007,7e-06,49334342361.91855,90.3
1978-01-14,0.006,6e-06,42286579167.35876,88.6
1978-01-15,0.0047,4.7e-06,33124487014.431026,89.6
1978-01-16,0.0033,3.3e-06,23257618542.047318,86.4
1978-01-17,0.003,3e-06,21143289583.67938,83.8
1978-01-18,0.005,5e-06,35238815972.798965,84.7
1978-01-19,0.0076,7.6e-06,53563000278.65443,85.4
1978-01-20,0.01,1e-05,70477631945.59793,87.0
1978-01-21,0.0084,8.4e-06,59201210834.30225,91.4
1978-01-22,0.0099,9.9e-06,69772855626.14195,99.6
1978-01-23,0.01,1e-05,70477631945.59793,100.4
1978-01-24,0.012,1.2e-05,84573158334.71751,103.3
1978-01-25,0.020999999999999998,2.1e-05,148003027085.75565,112.7
1978-01-26,0.030000000000000002,3e-05,211432895836.7938,116.4
1978-01-27,0.033,3.3e-05,232576185420.47318,127.7
1978-01-28,0.028,2.8e-05,197337369447.6742,132.2
1978-01-29,0.05,5e-05,352388159727.9897,134.9
1978-01-30,0.030000000000000002,3e-05,211432895836.7938,134.9
1978-01-31,0.032,3.2e-05,225528422225.91336,133.3
1978-02-01,0.031,3.1e-05,218480659031.35358,139.1
1978-02-02,0.078,7.8e-05,549725529175.6638,152.6
1978-02-03,0.093,9.3e-05,655441977094.0607,156.6
1978-02-04,0.031,3.1e-05,218480659031.35358,154.0
1978-02-05,0.034999999999999996,3.5e-05,246671711809.59274,159.0
1978-02-06,0.04,4e-05,281910527782.3917,156.1
1978-02-07,0.029,2.9e-05,204385132642.234,157.3
1978-02-08,0.053,5.3e-05,373531449311.66907,157.0
1978-02-09,0.085,8.5e-05,599059871537.5824,155.2
1978-02-10,0.039,3.9e-05,274862764587.8319,148.7
1978-02-11,0.048,4.8e-05,338292633338.87006,154.2
1978-02-12,0.038,3.8e-05,267815001393.27216,159.0
1978-02-13,0.10900000000000001,0.000109,768206188207.0175,151.2
1978-02-14,0.064,6.4e-05,451056844451.8267,148.4
1978-02-15,0.049,4.9e-05,345340396533.4298,136.8
1978-02-16,0.04,4e-05,281910527782.3917,130.2
1978-02-17,0.033,3.3e-05,232576185420.47318,125.9
1978-02-18,0.033,3.3e-05,232576185420.47318,124.9
1978-02-19,0.029,2.9e-05,204385132642.234,119.1
1978-02-20,0.022,2.2e-05,155050790280.31546,122.2
1978-02-21,0.024,2.4e-05,169146316669.43503,122.2
1978-02-22,0.025,2.5e-05,176194079863.99484,127.7
1978-02-23,0.020999999999999998,2.1e-05,148003027085.75565,131.8
1978-02-24,0.02,2e-05,140955263891.19586,135.6
1978-02-25,0.027,2.7e-05,190289606253.11438,139.3
1978-02-26,0.024,2.4e-05,169146316669.43503,134.8
1978-02-27,0.034999999999999996,3.5e-05,246671711809.59274,137.5
1978-02-28,0.036000000000000004,3.6e-05,253719475004.15256,135.4
1978-03-01,0.048,4.8e-05,338292633338.87006,136.3
1978-03-02,0.043000000000000003,4.3e-05,303053817366.0711,141.1
1978-03-03,0.038,3.8e-05,267815001393.27216,146.6
1978-03-04,0.032,3.2e-05,225528422225.91336,148.4
1978-03-05,0.031,3.1e-05,218480659031.35358,154.5
1978-03-06,0.04,4e-05,281910527782.3917,162.8
1978-03-07,0.038,3.8e-05,267815001393.27216,165.2
1978-03-08,0.045000000000000005,4.5e-05,317149343755.1907,168.7
1978-03-09,0.05,5e-05,352388159727.9897,183.7
1978-03-10,0.044,4.4e-05,310101580560.6309,179.1
1978-03-11,0.031,3.1e-05,218480659031.35358,175.2
1978-03-12,0.030000000000000002,3e-05,211432895836.7938,169.8
1978-03-13,0.033,3.3e-05,232576185420.47318,160.9
1978-03-14,0.063,6.3e-05,444009081257.26697,160.5
1978-03-15,0.034999999999999996,3.5e-05,246671711809.59274,154.2
1978-03-16,0.032,3.2e-05,225528422225.91336,143.3
1978-03-17,0.02,2e-05,140955263891.19586,135.4
1978-03-18,0.020999999999999998,2.1e-05,148003027085.75565,132.3
1978-03-19,0.020999999999999998,2.1e-05,148003027085.75565,128.1
1978-03-20,0.022,2.2e-05,155050790280.31546,125.3
1978-03-21,0.022,2.2e-05,155050790280.31546,118.2
1978-03-22,0.015000000000000001,1.5e-05,105716447918.3969,117.0
1978-03-23,0.01,1e-05,70477631945.59793,116.4
1978-03-24,0.017,1.7e-05,119811974307.51646,117.5
1978-03-25,0.012,1.2e-05,84573158334.71751,118.2
1978-03-26,0.023,2.3e-05,162098553474.87524,112.5
1978-03-27,0.02,2e-05,140955263891.19586,114.1
1978-03-28,0.012,1.2e-05,84573158334.71751,112.7
1978-03-29,0.005,5e-06,35238815972.798965,111.1
1978-03-30,0.02,2e-05,140955263891.19586,115.4
1978-03-31,0.02,2e-05,140955263891.19586,124.5
1978-04-01,0.028,2.8e-05,197337369447.6742,130.0
1978-04-02,0.022,2.2e-05,155050790280.31546,129.8
1978-04-03,0.022,2.2e-05,155050790280.31546,134.5
1978-04-04,0.023,2.3e-05,162098553474.87524,143.3
1978-04-05,0.030000000000000002,3e-05,211432895836.7938,146.7
1978-04-06,0.025,2.5e-05,176194079863.99484,145.3
1978-04-07,0.034999999999999996,3.5e-05,246671711809.59274,146.9
1978-04-08,0.060000000000000005,6e-05,422865791673.5876,148.6
1978-04-09,0.045000000000000005,4.5e-05,317149343755.1907,156.1
1978-04-10,0.049,4.9e-05,345340396533.4298,155.4
1978-04-11,0.030000000000000002,3e-05,211432895836.7938,162.8
1978-04-12,0.055,5.5e-05,387626975700.78864,156.2
1978-04-13,0.031,3.1e-05,218480659031.35358,145.6
1978-04-14,0.034999999999999996,3.5e-05,246671711809.59274,139.1
1978-04-15,0.029,2.9e-05,204385132642.234,141.4
1978-04-16,0.027,2.7e-05,190289606253.11438,137.6
1978-04-17,0.008,8e-06,56382105556.47834,133.4
1978-04-18,0.032,3.2e-05,225528422225.91336,134.1
1978-04-19,0.029,2.9e-05,204385132642.234,139.5
1978-04-20,0.032,3.2e-05,225528422225.91336,138.1
1978-04-21,0.027,2.7e-05,190289606253.11438,138.4
1978-04-22,0.04,4e-05,281910527782.3917,146.4
1978-04-23,0.09899999999999999,9.9e-05,697728556261.4194,162.9
1978-04-24,0.046,4.6e-05,324197106949.7505,159.8
1978-04-25,0.04,4e-05,281910527782.3917,159.1
1978-04-26,0.057,5.7e-05,401722502089.9082,166.7
1978-04-27,0.047,4.7e-05,331244870144.31024,172.8
1978-04-28,0.04,4e-05,281910527782.3917,176.6
1978-04-29,0.09899999999999999,9.9e-05,697728556261.4194,185.2
1978-04-30,0.2,0.0002,1409552638911.9587,182.1
